N°;Nom;Prénom;Date de naissance;NIN;Adresse;Telephone;Numéro courrier
1;Sow;Fatoumata;25/03/2001;223456740;Yoff Apecsy 3, Dakar, Senegal;+221 49 497 49 49;
2;Diop;Pape;25/03/2002;123456710;Yoff Layenne, Dakar, Senegal;+221 17 177 17 17;
3;Fall;Amidou;25/03/2006;123456789;Yoff dagoudane, Dakar, Senegal;+221 77 777 77 77;Ref1354
4;Fall;Amidou;25/03/2006;123456789;Yoff dagoudane, Dakar, Senegal;+221 77 777 77 77;REF-767G56
5;Diarra;Moussa;10/01/2006;987654321;Yoff Virage, Dakar;+221 78 100 10 10;REF-MED-006
6;Diarra;Moussa;10/01/2006;987654321;Yoff Virage, Dakar;+221 78 100 10 10;REF-TAB-001
7;Sy;Oumar;12/05/2003;443322110;Yoff Ndiareme, Dakar;+221 75 500 50 50;REF-LAY-005
8;Diop;Fatou;05/04/2001;998877665;Yoff Golf Sud, Dakar;+221 70 400 40 40;REF-PAQ-004
9;Baye;Cheikh Tidiane;20/03/2000;556677889;Yoff Cap Manuel, Dakar;+221 76 300 30 30;REF-TAB-003
10;Fall;Aminata;15/02/2016;112233445;Yoff Tonghor, Dakar;+221 77 200 20 20;REF-MED-002
